id,name,motivation,vornote,class,teacher_salary,school,pisa
1,Ella,3.59,4.5,1,7872.198772424759,Bitzius,371
2,Felix,4.51,4.75,1,7872.198772424759,Bitzius,485
3,Arne,4.55,5,1,7872.198772424759,Bitzius,472
4,Meryem,3.46,5.25,1,7872.198772424759,Bitzius,523
5,Emia,3.27,4.75,1,7872.198772424759,Bitzius,431
6,Finja,3.84,5.25,1,7872.198772424759,Bitzius,537
7,Oliwia,3.78,5,1,7872.198772424759,Bitzius,427
8,Giuseppe,3.75,5.25,1,7872.198772424759,Bitzius,507
9,Paul,6.05,5.5,1,7872.198772424759,Bitzius,603
10,Jakob,4.68,5.25,1,7872.198772424759,Bitzius,529
11,Merit,2.62,4.5,1,7872.198772424759,Bitzius,368
12,Mattis,5.34,5.25,1,7872.198772424759,Bitzius,482
13,Henry,4.4,5,1,7872.198772424759,Bitzius,474
14,Kayra,3.83,5,1,7872.198772424759,Bitzius,453
15,Robert,3.6,4.75,1,7872.198772424759,Bitzius,445
16,Anna,3.82,5.25,1,7872.198772424759,Bitzius,524
17,Laura,3.76,4.75,1,7872.198772424759,Bitzius,482
18,Aaron,3.25,5,1,7872.198772424759,Bitzius,525
19,Colonia,3.81,5.25,1,7872.198772424759,Bitzius,475
20,Muriel-Patrizia,3.43,5.5,1,7872.198772424759,Bitzius,526
21,Marie,5.51,5.5,2,6192.7050377292935,Bitzius,629
22,Simon,4.58,5.5,2,6192.7050377292935,Bitzius,615
23,Maria,4.39,4.75,2,6192.7050377292935,Bitzius,451
24,Hasan,3.58,5.5,2,6192.7050377292935,Bitzius,540
25,Willem,5,4.75,2,6192.7050377292935,Bitzius,469
26,Richard,5.47,5.25,2,6192.7050377292935,Bitzius,588
27,Arne,4.07,5.25,2,6192.7050377292935,Bitzius,534
28,Leonie,5.09,5.5,2,6192.7050377292935,Bitzius,569
29,Emily,6.33,5.25,2,6192.7050377292935,Bitzius,594
30,Ada,3.16,5.25,2,6192.7050377292935,Bitzius,518
31,Johannes,2.57,4.75,2,6192.7050377292935,Bitzius,462
32,Adriana,1.83,4.75,2,6192.7050377292935,Bitzius,422
33,Irene,2.29,4.75,2,6192.7050377292935,Bitzius,411
34,Annabella,4.15,5,2,6192.7050377292935,Bitzius,509
35,Avesta,3.87,5.25,2,6192.7050377292935,Bitzius,572
36,Marie,3.58,4.75,2,6192.7050377292935,Bitzius,449
37,Charlotte,4.42,5,2,6192.7050377292935,Bitzius,567
38,Kian,3.05,5.25,2,6192.7050377292935,Bitzius,542
39,Valentin,4.83,5,2,6192.7050377292935,Bitzius,484
40,Vanessa,5.3,5,2,6192.7050377292935,Bitzius,548
41,Lotta,3.65,5,3,5724.798708300343,Bitzius,450
42,Mustafa,3.97,4.75,3,5724.798708300343,Bitzius,404
43,Welly,3.12,5,3,5724.798708300343,Bitzius,442
44,Alexander,4.06,5,3,5724.798708300343,Bitzius,462
45,Jarosław,4.52,5.5,3,5724.798708300343,Bitzius,464
46,Can,4.59,5,3,5724.798708300343,Bitzius,470
47,Frieda,2.17,5,3,5724.798708300343,Bitzius,412
48,Konstantin,2.58,5,3,5724.798708300343,Bitzius,438
49,Kasimir,3.73,5.25,3,5724.798708300343,Bitzius,435
50,Mika,4.73,5.5,3,5724.798708300343,Bitzius,553
51,Leander,2.26,4.75,3,5724.798708300343,Bitzius,383
52,Sophie,2.68,4.75,3,5724.798708300343,Bitzius,385
53,Susanne,3.74,5,3,5724.798708300343,Bitzius,489
54,Leni,3.62,5.25,3,5724.798708300343,Bitzius,516
55,Henry,2.14,4.75,3,5724.798708300343,Bitzius,374
56,Leo,4.18,5,3,5724.798708300343,Bitzius,486
57,Simon,3.77,5,3,5724.798708300343,Bitzius,449
58,Maria,4.24,5.5,3,5724.798708300343,Bitzius,523
59,Malwina,2.66,5,3,5724.798708300343,Bitzius,422
60,Henrik,3.99,5,3,5724.798708300343,Bitzius,452
61,Ali,4.03,5,4,7025.683685385688,Bitzius,491
62,Birgit,4.43,5,4,7025.683685385688,Bitzius,449
63,Alexander,2.75,4.75,4,7025.683685385688,Bitzius,421
64,Alpacino,5.97,5.5,4,7025.683685385688,Bitzius,564
65,Giada,3.96,5.25,4,7025.683685385688,Bitzius,514
66,Lennox,2.86,4.75,4,7025.683685385688,Bitzius,402
67,Joschua,3.89,5.25,4,7025.683685385688,Bitzius,499
68,Bert,3.03,5,4,7025.683685385688,Bitzius,428
69,Jannick,3.83,5.25,4,7025.683685385688,Bitzius,499
70,Anna,3.35,5.25,4,7025.683685385688,Bitzius,488
71,Linus,3.87,5.25,4,7025.683685385688,Bitzius,542
72,Emilia,3.77,4.75,4,7025.683685385688,Bitzius,418
73,Emilian,4.17,5,4,7025.683685385688,Bitzius,498
74,Michael,2.96,5,4,7025.683685385688,Bitzius,443
75,Soraya,3.89,5,4,7025.683685385688,Bitzius,469
76,Esma,3.63,5.25,4,7025.683685385688,Bitzius,482
77,Samim,4.36,5,4,7025.683685385688,Bitzius,492
78,Ante,3.46,5.25,4,7025.683685385688,Bitzius,533
79,Luna,3.78,4.75,4,7025.683685385688,Bitzius,443
80,Liann,4.15,5.25,4,7025.683685385688,Bitzius,557
81,Alisha,4.91,5,5,9205.675941066624,Bitzius,560
82,Louise,5.58,5.25,5,9205.675941066624,Bitzius,622
83,Can,1.94,4.5,5,9205.675941066624,Bitzius,400
84,Moritz,2.86,5,5,9205.675941066624,Bitzius,498
85,Leonore,5.29,5,5,9205.675941066624,Bitzius,525
86,Tony,7,5.25,5,9205.675941066624,Bitzius,633
87,Loreen,4.1,4.75,5,9205.675941066624,Bitzius,459
88,Paul,4.81,5.75,5,9205.675941066624,Bitzius,630
89,Noelie,3.93,5,5,9205.675941066624,Bitzius,490
90,Alexander,4.05,5.5,5,9205.675941066624,Bitzius,570
91,Johannes,4.26,5,5,9205.675941066624,Bitzius,524
92,Juhani,2.54,4.75,5,9205.675941066624,Bitzius,435
93,Polina,4.69,5.25,5,9205.675941066624,Bitzius,529
94,Ariana,3.56,5.25,5,9205.675941066624,Bitzius,514
95,Paul,3.36,5.25,5,9205.675941066624,Bitzius,526
96,Joel,3.37,5.25,5,9205.675941066624,Bitzius,563
97,Ben,4.06,5.25,5,9205.675941066624,Bitzius,495
98,Lucia,4.52,5.25,5,9205.675941066624,Bitzius,581
99,Paula,5.53,5.5,5,9205.675941066624,Bitzius,644
100,Milan,3.76,5.25,5,9205.675941066624,Bitzius,511
101,Alessio,3.31,4.75,6,6332.321036016299,Kirchenfeld,444
102,Adrian,1.86,4.75,6,6332.321036016299,Kirchenfeld,424
103,Leya,2.89,4.75,6,6332.321036016299,Kirchenfeld,382
104,Constantin,2.8,4.75,6,6332.321036016299,Kirchenfeld,401
105,Darian,4.29,5.5,6,6332.321036016299,Kirchenfeld,598
106,Lanie,2.55,5.25,6,6332.321036016299,Kirchenfeld,501
107,Paul,3.02,4.75,6,6332.321036016299,Kirchenfeld,372
108,Deniz,4.36,5.25,6,6332.321036016299,Kirchenfeld,533
109,Ben,1,4.75,6,6332.321036016299,Kirchenfeld,373
110,Sophie,4.56,5,6,6332.321036016299,Kirchenfeld,487
111,Neo,4.21,5.25,6,6332.321036016299,Kirchenfeld,514
112,Maria,3.31,5.25,6,6332.321036016299,Kirchenfeld,430
113,Clara,3.32,4.5,6,6332.321036016299,Kirchenfeld,385
114,Jia,4.51,5,6,6332.321036016299,Kirchenfeld,478
115,Letizia,6.36,5.25,6,6332.321036016299,Kirchenfeld,550
116,Abd,3.1,4.5,6,6332.321036016299,Kirchenfeld,400
117,Ari,2.59,5,6,6332.321036016299,Kirchenfeld,437
118,Julius,2.16,5.5,6,6332.321036016299,Kirchenfeld,513
119,Mik,3.83,5.25,6,6332.321036016299,Kirchenfeld,492
120,Sophie,4.22,5.25,6,6332.321036016299,Kirchenfeld,529
121,Anna,2.94,5,7,8637.21532729951,Kirchenfeld,480
122,Minahil,5.4,5.25,7,8637.21532729951,Kirchenfeld,500
123,Arne,3.03,5,7,8637.21532729951,Kirchenfeld,471
124,Fiona,2.09,4.75,7,8637.21532729951,Kirchenfeld,433
125,Emilia,2.38,5.75,7,8637.21532729951,Kirchenfeld,575
126,Emma,3.04,5,7,8637.21532729951,Kirchenfeld,483
127,Annalisa,5.27,5,7,8637.21532729951,Kirchenfeld,546
128,Ahmet,3.76,4.75,7,8637.21532729951,Kirchenfeld,415
129,Idaye,5.41,5.25,7,8637.21532729951,Kirchenfeld,536
130,Kathryn,5.34,5.25,7,8637.21532729951,Kirchenfeld,535
131,Felix,4.6,5,7,8637.21532729951,Kirchenfeld,470
132,Matthias,4.17,4.5,7,8637.21532729951,Kirchenfeld,448
133,Marie,3.35,4.5,7,8637.21532729951,Kirchenfeld,448
134,Maria,2.84,5.25,7,8637.21532729951,Kirchenfeld,444
135,Sophie,5.7,5,7,8637.21532729951,Kirchenfeld,517
136,Karlotta,2.87,5.25,7,8637.21532729951,Kirchenfeld,486
137,Sienna,5.25,5,7,8637.21532729951,Kirchenfeld,510
138,Maximilian,4.37,5,7,8637.21532729951,Kirchenfeld,470
139,Sophie,3.13,5,7,8637.21532729951,Kirchenfeld,502
140,Frieda,3.21,5,7,8637.21532729951,Kirchenfeld,413
141,Laurentin,3.89,4.75,8,7580.347671088552,Kirchenfeld,450
142,Magdalena,2.75,5,8,7580.347671088552,Kirchenfeld,453
143,Marian,3.88,4.75,8,7580.347671088552,Kirchenfeld,473
144,Noel,5.31,5.5,8,7580.347671088552,Kirchenfeld,590
145,Constantine,4.27,4.75,8,7580.347671088552,Kirchenfeld,465
146,Leya,4.28,5.25,8,7580.347671088552,Kirchenfeld,513
147,Selena,4.21,5.25,8,7580.347671088552,Kirchenfeld,565
148,Christian,6.37,5.25,8,7580.347671088552,Kirchenfeld,560
149,Nicolas,4.72,5.75,8,7580.347671088552,Kirchenfeld,639
150,Juliane,4.91,5,8,7580.347671088552,Kirchenfeld,504
151,Kaan,5.76,5.25,8,7580.347671088552,Kirchenfeld,623
152,David,4.27,5,8,7580.347671088552,Kirchenfeld,486
153,Tim,3.58,4.75,8,7580.347671088552,Kirchenfeld,469
154,Emma,4.2,5.75,8,7580.347671088552,Kirchenfeld,638
155,Kiymet,3.92,5.5,8,7580.347671088552,Kirchenfeld,585
156,Antonio,3.07,4.75,8,7580.347671088552,Kirchenfeld,419
157,Marie,4.69,5.25,8,7580.347671088552,Kirchenfeld,520
158,Paul,4.98,5.25,8,7580.347671088552,Kirchenfeld,537
159,Maria,4.63,5.25,8,7580.347671088552,Kirchenfeld,541
160,Calvin,3.52,5,8,7580.347671088552,Kirchenfeld,503
161,Emma,4.8,5.25,9,7331.210310452121,Kirchenfeld,524
162,Lukas,5.22,5.25,9,7331.210310452121,Kirchenfeld,518
163,Karlotta,3.74,5,9,7331.210310452121,Kirchenfeld,450
164,Samuel,4.88,4.75,9,7331.210310452121,Kirchenfeld,462
165,Lynn,3.65,5,9,7331.210310452121,Kirchenfeld,466
166,Filippa,2.9,4.75,9,7331.210310452121,Kirchenfeld,412
167,Damian,3.79,5,9,7331.210310452121,Kirchenfeld,436
168,Johannes,2.32,5,9,7331.210310452121,Kirchenfeld,432
169,Moritz,4.02,5.5,9,7331.210310452121,Kirchenfeld,582
170,Sue,4.9,5,9,7331.210310452121,Kirchenfeld,527
171,Jonas,6.06,5,9,7331.210310452121,Kirchenfeld,524
172,Irma,3.74,5,9,7331.210310452121,Kirchenfeld,442
173,Ilan,4.96,5,9,7331.210310452121,Kirchenfeld,495
174,Sonja,3.76,5,9,7331.210310452121,Kirchenfeld,447
175,Joel,3.07,5.25,9,7331.210310452121,Kirchenfeld,483
176,Sevde,2.2,4.75,9,7331.210310452121,Kirchenfeld,383
177,Marlon,2.5,4.75,9,7331.210310452121,Kirchenfeld,391
178,James,3.66,5,9,7331.210310452121,Kirchenfeld,431
179,Cebrail,3.46,4.75,9,7331.210310452121,Kirchenfeld,359
180,Medina,4.42,5.5,9,7331.210310452121,Kirchenfeld,560
181,Jakob,3.59,5.25,10,8059.109681402006,Kirchenfeld,500
182,Sharam,4.66,5,10,8059.109681402006,Kirchenfeld,468
183,Leart,3.74,4.75,10,8059.109681402006,Kirchenfeld,420
184,Jazib,2.54,5.5,10,8059.109681402006,Kirchenfeld,591
185,Farah,4.24,5,10,8059.109681402006,Kirchenfeld,516
186,Gina,3.46,5.25,10,8059.109681402006,Kirchenfeld,541
187,Zehra,4.51,5.25,10,8059.109681402006,Kirchenfeld,557
188,Jaden,3.6,5.25,10,8059.109681402006,Kirchenfeld,506
189,Lena,4.51,5.25,10,8059.109681402006,Kirchenfeld,486
190,Katharina,3.39,5.25,10,8059.109681402006,Kirchenfeld,533
191,Til,3,4.5,10,8059.109681402006,Kirchenfeld,422
192,Kai,4.15,4.75,10,8059.109681402006,Kirchenfeld,447
193,Lea-Marie,4.76,4.75,10,8059.109681402006,Kirchenfeld,507
194,Mata,4.12,5,10,8059.109681402006,Kirchenfeld,503
195,Lea,2.74,4.75,10,8059.109681402006,Kirchenfeld,408
196,Vincent,4.33,5.25,10,8059.109681402006,Kirchenfeld,527
197,Django,3.95,5,10,8059.109681402006,Kirchenfeld,493
198,Aleyna,3.44,4.75,10,8059.109681402006,Kirchenfeld,444
199,Mira,5.57,5.25,10,8059.109681402006,Kirchenfeld,556
200,Leo,4.56,5,10,8059.109681402006,Kirchenfeld,479
201,Malik,3.01,5.25,11,9718.592410227691,Brunnmatt,507
202,İlyas,4.52,5,11,9718.592410227691,Brunnmatt,511
203,Lenny,5.16,5,11,9718.592410227691,Brunnmatt,500
204,Ela,5.23,4.5,11,9718.592410227691,Brunnmatt,477
205,Jalil,2.85,5.25,11,9718.592410227691,Brunnmatt,487
206,Michael,2.22,4.75,11,9718.592410227691,Brunnmatt,404
207,Sophia,2.43,5.25,11,9718.592410227691,Brunnmatt,510
208,Toni,3.54,4.5,11,9718.592410227691,Brunnmatt,427
209,Zeynep,4.09,5,11,9718.592410227691,Brunnmatt,496
210,Finn,3.83,5,11,9718.592410227691,Brunnmatt,487
211,Jaysen,4.08,5.25,11,9718.592410227691,Brunnmatt,530
212,Nurdzhan,6.16,5,11,9718.592410227691,Brunnmatt,565
213,Giovanni,3.46,4.5,11,9718.592410227691,Brunnmatt,400
214,Anna,3.31,5.5,11,9718.592410227691,Brunnmatt,578
215,Kevin,3.31,5,11,9718.592410227691,Brunnmatt,485
216,Waltraud,5.26,5.25,11,9718.592410227691,Brunnmatt,551
217,Saif,2.91,5.25,11,9718.592410227691,Brunnmatt,517
218,Leo,4.64,5.5,11,9718.592410227691,Brunnmatt,588
219,Ron,3.78,5,11,9718.592410227691,Brunnmatt,452
220,Tim,5.2,5.25,11,9718.592410227691,Brunnmatt,522
221,Marie,3.95,5,12,7467.373970988423,Brunnmatt,457
222,Samet,3.9,5,12,7467.373970988423,Brunnmatt,468
223,Yonah,3.11,5,12,7467.373970988423,Brunnmatt,416
224,Amelie,4.37,5,12,7467.373970988423,Brunnmatt,451
225,Yuna,5.12,5,12,7467.373970988423,Brunnmatt,504
226,Constantin,3.87,4.75,12,7467.373970988423,Brunnmatt,474
227,Alexander,4.25,5,12,7467.373970988423,Brunnmatt,462
228,Adele,4.23,5.25,12,7467.373970988423,Brunnmatt,556
229,Inga,2.73,4.75,12,7467.373970988423,Brunnmatt,429
230,Elias,2.72,4.75,12,7467.373970988423,Brunnmatt,377
231,Ayana,2.02,4.75,12,7467.373970988423,Brunnmatt,417
232,Paul,4.06,5,12,7467.373970988423,Brunnmatt,504
233,Amalia,4.68,5.25,12,7467.373970988423,Brunnmatt,502
234,Igor,3.1,5,12,7467.373970988423,Brunnmatt,430
235,Mio,4.04,5.25,12,7467.373970988423,Brunnmatt,517
236,Ena,3.73,4.75,12,7467.373970988423,Brunnmatt,434
237,Serena,4.71,5.25,12,7467.373970988423,Brunnmatt,480
238,Zakaria,5.29,5,12,7467.373970988423,Brunnmatt,485
239,Friedrich,5.3,5.5,12,7467.373970988423,Brunnmatt,568
240,Sofie,1.42,4.25,12,7467.373970988423,Brunnmatt,320
241,Sultan,5.53,5.75,13,7911.912372720131,Brunnmatt,631
242,Vinzent,4.89,5.25,13,7911.912372720131,Brunnmatt,539
243,Parsa,4.77,5.5,13,7911.912372720131,Brunnmatt,622
244,Moritz,4.52,5,13,7911.912372720131,Brunnmatt,509
245,Lea,4.47,5,13,7911.912372720131,Brunnmatt,512
246,Suchada,2.8,5.5,13,7911.912372720131,Brunnmatt,520
247,Ellen,2.37,5,13,7911.912372720131,Brunnmatt,461
248,Kilian,4.22,5.25,13,7911.912372720131,Brunnmatt,538
249,Emir,5.38,5,13,7911.912372720131,Brunnmatt,558
250,Anna,3.46,5,13,7911.912372720131,Brunnmatt,515
251,Emir,2.21,5.25,13,7911.912372720131,Brunnmatt,483
252,Rahel,5.01,5.25,13,7911.912372720131,Brunnmatt,547
253,Juliette,3.93,5.25,13,7911.912372720131,Brunnmatt,511
254,Victoria,3.55,4.5,13,7911.912372720131,Brunnmatt,404
255,Jason,4.32,4.5,13,7911.912372720131,Brunnmatt,442
256,Viola,3.51,5.5,13,7911.912372720131,Brunnmatt,599
257,Stefan,4.21,5,13,7911.912372720131,Brunnmatt,477
258,Anni,4.73,5,13,7911.912372720131,Brunnmatt,537
259,Jesaya,3.13,5,13,7911.912372720131,Brunnmatt,486
260,Melek,2.79,4.5,13,7911.912372720131,Brunnmatt,408
261,Mia,5.97,5.25,14,7911.622383898886,Brunnmatt,505
262,Maria,4.56,5.5,14,7911.622383898886,Brunnmatt,628
263,Lucía,3.69,5,14,7911.622383898886,Brunnmatt,480
264,Ramazan,5.01,5.25,14,7911.622383898886,Brunnmatt,532
265,Abdullah,2.69,5,14,7911.622383898886,Brunnmatt,468
266,Alexander,5.43,5.5,14,7911.622383898886,Brunnmatt,588
267,Samson,3.4,5,14,7911.622383898886,Brunnmatt,506
268,Axel,4.1,5,14,7911.622383898886,Brunnmatt,511
269,Rabia,6.2,5.25,14,7911.622383898886,Brunnmatt,593
270,Sinan,3.91,4.75,14,7911.622383898886,Brunnmatt,476
271,Mio,5.84,5,14,7911.622383898886,Brunnmatt,525
272,Christian,4.32,5.25,14,7911.622383898886,Brunnmatt,558
273,Alexander,3.44,4.75,14,7911.622383898886,Brunnmatt,442
274,Benjamin,3.86,4.75,14,7911.622383898886,Brunnmatt,430
275,Nina,3.47,5.5,14,7911.622383898886,Brunnmatt,554
276,Jonas,4.71,5.25,14,7911.622383898886,Brunnmatt,545
277,Muhamed,3.45,5.5,14,7911.622383898886,Brunnmatt,575
278,Florian,4.52,5.5,14,7911.622383898886,Brunnmatt,620
279,Emil,3.28,5,14,7911.622383898886,Brunnmatt,517
280,Paul,3.68,5,14,7911.622383898886,Brunnmatt,504
281,Dany,3.74,5,15,9600.779493090231,Brunnmatt,490
282,Emily,4.69,5.25,15,9600.779493090231,Brunnmatt,547
283,Mathilda,2.55,5,15,9600.779493090231,Brunnmatt,439
284,Gülsüm,4.33,5,15,9600.779493090231,Brunnmatt,560
285,Alexandre,5.54,5.5,15,9600.779493090231,Brunnmatt,638
286,Henrik,5.37,5,15,9600.779493090231,Brunnmatt,524
287,Alexander,4.99,5.25,15,9600.779493090231,Brunnmatt,562
288,Katharina,4.72,4.75,15,9600.779493090231,Brunnmatt,474
289,Paula,4.95,5,15,9600.779493090231,Brunnmatt,553
290,Nicolas,6.29,5.75,15,9600.779493090231,Brunnmatt,626
291,Rayen,3.39,4.75,15,9600.779493090231,Brunnmatt,453
292,Titus,3.14,5.25,15,9600.779493090231,Brunnmatt,542
293,Joy,5.54,5,15,9600.779493090231,Brunnmatt,529
294,Khalde,3.7,5,15,9600.779493090231,Brunnmatt,548
295,Nathanael,3.9,5,15,9600.779493090231,Brunnmatt,526
296,Stacy,4.07,5,15,9600.779493090231,Brunnmatt,524
297,Umutcan,3.59,4.75,15,9600.779493090231,Brunnmatt,449
298,Marie,4.96,5.25,15,9600.779493090231,Brunnmatt,573
299,Delia,4.96,5,15,9600.779493090231,Brunnmatt,506
300,Oghosa,4.27,5,15,9600.779493090231,Brunnmatt,541
301,Alana,4.47,5.75,16,7781.655666922566,Marzili,547
302,Waris,3.11,5.25,16,7781.655666922566,Marzili,518
303,Hedda,2.69,4.5,16,7781.655666922566,Marzili,366
304,Jannik,3.28,5,16,7781.655666922566,Marzili,470
305,Felix,4.39,4.5,16,7781.655666922566,Marzili,385
306,Maksim,3.21,5.25,16,7781.655666922566,Marzili,497
307,Vito,2.77,5.25,16,7781.655666922566,Marzili,459
308,Hiranur,2.37,4.75,16,7781.655666922566,Marzili,395
309,Katharina,4.59,5,16,7781.655666922566,Marzili,484
310,Ben,2.44,4.5,16,7781.655666922566,Marzili,390
311,Linda,5.37,5.5,16,7781.655666922566,Marzili,528
312,Milla,4.02,5.5,16,7781.655666922566,Marzili,499
313,Khao,5.29,5.5,16,7781.655666922566,Marzili,566
314,Mehmet,4.4,5.25,16,7781.655666922566,Marzili,496
315,Osman,3.21,5,16,7781.655666922566,Marzili,450
316,Ella,3.21,5,16,7781.655666922566,Marzili,472
317,Fynn,3.09,5.25,16,7781.655666922566,Marzili,478
318,Nikola,3.98,5,16,7781.655666922566,Marzili,504
319,Emil,3.4,5.25,16,7781.655666922566,Marzili,463
320,Tesslin,2.93,5.25,16,7781.655666922566,Marzili,451
321,Jacob,5,5.5,17,9258.88476017954,Marzili,557
322,Mila,6.09,5.5,17,9258.88476017954,Marzili,590
323,Evrim,3.55,5.25,17,9258.88476017954,Marzili,555
324,Sercan,4.62,5.5,17,9258.88476017954,Marzili,557
325,David,4.33,5.25,17,9258.88476017954,Marzili,537
326,Leonie,5.36,5.25,17,9258.88476017954,Marzili,588
327,Veit,3.76,5.25,17,9258.88476017954,Marzili,531
328,Annabell,3.64,5.25,17,9258.88476017954,Marzili,590
329,Melisa,3.83,5.25,17,9258.88476017954,Marzili,558
330,Maximilian,4.44,4.5,17,9258.88476017954,Marzili,417
331,Ben,5.03,4.75,17,9258.88476017954,Marzili,471
332,Sophia,1.67,5,17,9258.88476017954,Marzili,481
333,Leonard,5.4,5.25,17,9258.88476017954,Marzili,521
334,Berfin,4.42,5.5,17,9258.88476017954,Marzili,545
335,Benjamin,4.98,5.25,17,9258.88476017954,Marzili,583
336,Ferdinand,3.72,5,17,9258.88476017954,Marzili,504
337,Shiraz,4.35,4.5,17,9258.88476017954,Marzili,447
338,Anna,5.49,5.5,17,9258.88476017954,Marzili,626
339,Aiden,4.15,5,17,9258.88476017954,Marzili,479
340,Nala,3.09,4.5,17,9258.88476017954,Marzili,384
341,Louan,2.28,5,18,5411.993438537017,Marzili,468
342,Shirin,4.36,5.25,18,5411.993438537017,Marzili,543
343,Mitja,2.43,4.75,18,5411.993438537017,Marzili,384
344,Asaria,5.22,5,18,5411.993438537017,Marzili,478
345,Heidi,3.12,5.5,18,5411.993438537017,Marzili,509
346,Magdalina,3.19,5,18,5411.993438537017,Marzili,429
347,Jaron,3.29,5,18,5411.993438537017,Marzili,411
348,Anabelle,2.88,5.25,18,5411.993438537017,Marzili,436
349,Jannis,3.29,5.75,18,5411.993438537017,Marzili,522
350,Yasin,1.86,5,18,5411.993438537017,Marzili,425
351,Leonie,1.67,5.25,18,5411.993438537017,Marzili,469
352,Nora,3.88,5,18,5411.993438537017,Marzili,477
353,Hanna,3.83,5.25,18,5411.993438537017,Marzili,498
354,Jason,4.51,5,18,5411.993438537017,Marzili,440
355,Francesca,4.48,5.5,18,5411.993438537017,Marzili,557
356,Käthe,3.59,5.5,18,5411.993438537017,Marzili,532
357,Fabian,5.76,5.25,18,5411.993438537017,Marzili,515
358,Liam,1.48,4.75,18,5411.993438537017,Marzili,359
359,Benjamin,2.85,5,18,5411.993438537017,Marzili,419
360,Ben,3.23,5.5,18,5411.993438537017,Marzili,526
361,Quinn,4.17,5,19,10910.35047322057,Marzili,474
362,Yağız,1.89,5.25,19,10910.35047322057,Marzili,475
363,Hanna,1.9,5,19,10910.35047322057,Marzili,420
364,Viktoria,5.38,5,19,10910.35047322057,Marzili,472
365,Emily,3.65,5.25,19,10910.35047322057,Marzili,539
366,Elin,2.55,5.25,19,10910.35047322057,Marzili,485
367,Julian,5.05,5.25,19,10910.35047322057,Marzili,525
368,Dela,3.54,5.25,19,10910.35047322057,Marzili,513
369,Johann,2.93,5,19,10910.35047322057,Marzili,495
370,Liana,3.13,4.75,19,10910.35047322057,Marzili,389
371,Luca,5.02,5.5,19,10910.35047322057,Marzili,524
372,Jonathan,2.53,4.75,19,10910.35047322057,Marzili,386
373,Itaf,3.56,5.5,19,10910.35047322057,Marzili,520
374,Lou,4.68,5.25,19,10910.35047322057,Marzili,522
375,Ali,1.04,4.75,19,10910.35047322057,Marzili,370
376,Rudi,3,4.75,19,10910.35047322057,Marzili,428
377,Ayşegül,5.09,5.25,19,10910.35047322057,Marzili,535
378,Can,1.58,4.5,19,10910.35047322057,Marzili,348
379,Leonard,6.06,5.5,19,10910.35047322057,Marzili,542
380,Sofia,3.07,5.5,19,10910.35047322057,Marzili,478
381,Alexis,3.52,5.25,20,7861.832834774905,Marzili,474
382,Genesis,2.47,5,20,7861.832834774905,Marzili,440
383,Giuseppina,2.19,5,20,7861.832834774905,Marzili,416
384,Maria,3.07,4.75,20,7861.832834774905,Marzili,451
385,Ben,4.19,5,20,7861.832834774905,Marzili,501
386,Marie,3.58,4.75,20,7861.832834774905,Marzili,412
387,Isabella,4.16,5,20,7861.832834774905,Marzili,432
388,Zoé,2.81,5.5,20,7861.832834774905,Marzili,504
389,Ioana,3.85,5.75,20,7861.832834774905,Marzili,576
390,Jan,4.1,4.5,20,7861.832834774905,Marzili,408
391,Lars,3.8,4.75,20,7861.832834774905,Marzili,449
392,Vitali,5.84,5.5,20,7861.832834774905,Marzili,594
393,Marie,3.61,5,20,7861.832834774905,Marzili,463
394,Çınar,2.32,4.75,20,7861.832834774905,Marzili,429
395,Mathilde,2.38,5,20,7861.832834774905,Marzili,440
396,Jona,4,5,20,7861.832834774905,Marzili,460
397,Benji,3.67,5.25,20,7861.832834774905,Marzili,524
398,Paul,4.26,5.5,20,7861.832834774905,Marzili,561
399,Isabel,4.15,5.25,20,7861.832834774905,Marzili,494
400,Tim,3.66,5.25,20,7861.832834774905,Marzili,481
401,Leni,4.13,5.75,21,10248.728790447185,Pestalozzi,625
402,Amal,3.26,5,21,10248.728790447185,Pestalozzi,522
403,Celine,3.55,4.5,21,10248.728790447185,Pestalozzi,403
404,Mina,4.52,4.75,21,10248.728790447185,Pestalozzi,446
405,Caspar,4.17,5.25,21,10248.728790447185,Pestalozzi,518
406,Güneş,4.44,5.25,21,10248.728790447185,Pestalozzi,464
407,Sharam,3.55,5,21,10248.728790447185,Pestalozzi,476
408,Anna,4.44,5.25,21,10248.728790447185,Pestalozzi,511
409,Louise,3.98,5.25,21,10248.728790447185,Pestalozzi,521
410,Charlotte,3.66,4.75,21,10248.728790447185,Pestalozzi,420
411,Otto,6.49,5.25,21,10248.728790447185,Pestalozzi,591
412,Bilegt,4.1,5,21,10248.728790447185,Pestalozzi,471
413,Conner,2.88,5.25,21,10248.728790447185,Pestalozzi,559
414,Johanna,2.99,4.75,21,10248.728790447185,Pestalozzi,421
415,Damian,4.05,5.25,21,10248.728790447185,Pestalozzi,562
416,Leandra,2.56,4.75,21,10248.728790447185,Pestalozzi,425
417,Ela,4.43,5.75,21,10248.728790447185,Pestalozzi,618
418,Ayman,3.57,5.25,21,10248.728790447185,Pestalozzi,494
419,Samira,3.18,5.25,21,10248.728790447185,Pestalozzi,493
420,Linus,3.54,5,21,10248.728790447185,Pestalozzi,476
421,Antonia,3.65,4.75,22,9187.31095981649,Pestalozzi,489
422,Jason,3.46,4.75,22,9187.31095981649,Pestalozzi,445
423,Anna,4.24,5.25,22,9187.31095981649,Pestalozzi,513
424,Muna,2.77,4.75,22,9187.31095981649,Pestalozzi,434
425,Erik,3.65,5.5,22,9187.31095981649,Pestalozzi,589
426,Pardis,4.48,5.25,22,9187.31095981649,Pestalozzi,548
427,Kevin,3.02,5.75,22,9187.31095981649,Pestalozzi,548
428,Niko,2.94,5,22,9187.31095981649,Pestalozzi,455
429,Mia,4.26,4.75,22,9187.31095981649,Pestalozzi,465
430,Tyron,5.38,5,22,9187.31095981649,Pestalozzi,506
431,Sonia,3.75,5.5,22,9187.31095981649,Pestalozzi,597
432,Sophie,4.12,5,22,9187.31095981649,Pestalozzi,471
433,Lisa,3.53,5,22,9187.31095981649,Pestalozzi,426
434,Safir,5.14,5,22,9187.31095981649,Pestalozzi,512
435,Camille,5.69,5,22,9187.31095981649,Pestalozzi,552
436,Oluwasegun,6.88,5.25,22,9187.31095981649,Pestalozzi,565
437,Joseph,2.94,5.25,22,9187.31095981649,Pestalozzi,535
438,Julie,4.66,5,22,9187.31095981649,Pestalozzi,535
439,Estefania,4.22,5.5,22,9187.31095981649,Pestalozzi,584
440,Brandon,3.43,5.25,22,9187.31095981649,Pestalozzi,542
441,Benedikt,1.94,4.5,23,8239.302607053763,Pestalozzi,382
442,Eren,4.38,5.5,23,8239.302607053763,Pestalozzi,511
443,Lilli,1.39,5,23,8239.302607053763,Pestalozzi,403
444,Marie,4.51,4.75,23,8239.302607053763,Pestalozzi,439
445,Valentinov,3.15,5,23,8239.302607053763,Pestalozzi,429
446,Ireoluwa,3.1,5.25,23,8239.302607053763,Pestalozzi,494
447,Asha,3.99,5.25,23,8239.302607053763,Pestalozzi,466
448,Mathias,4.19,5.75,23,8239.302607053763,Pestalozzi,554
449,Lino,3.61,5,23,8239.302607053763,Pestalozzi,455
450,Constantin,3,5.25,23,8239.302607053763,Pestalozzi,460
451,Elias,3.21,5,23,8239.302607053763,Pestalozzi,433
452,Adèle,4.22,4.75,23,8239.302607053763,Pestalozzi,391
453,Sophia,3.35,5.25,23,8239.302607053763,Pestalozzi,491
454,Katharina,4.11,5.25,23,8239.302607053763,Pestalozzi,500
455,Lukas,3.97,4.75,23,8239.302607053763,Pestalozzi,445
456,Rohat,3.67,4.75,23,8239.302607053763,Pestalozzi,420
457,Michel,4.09,5.25,23,8239.302607053763,Pestalozzi,487
458,Frieda,4.48,5.5,23,8239.302607053763,Pestalozzi,556
459,Giuliana,2.54,5.25,23,8239.302607053763,Pestalozzi,497
460,Laura,1.28,4.75,23,8239.302607053763,Pestalozzi,436
461,Frederik,3.1,4.75,24,7488.268782979581,Pestalozzi,416
462,Tim,5.57,5.5,24,7488.268782979581,Pestalozzi,559
463,Mia,5.68,5.25,24,7488.268782979581,Pestalozzi,561
464,Luisa,4.31,5.75,24,7488.268782979581,Pestalozzi,598
465,Valentin,3.33,5,24,7488.268782979581,Pestalozzi,486
466,Martin,2.87,5.5,24,7488.268782979581,Pestalozzi,511
467,Annabella,2.14,4.25,24,7488.268782979581,Pestalozzi,329
468,Lara,3.66,5,24,7488.268782979581,Pestalozzi,439
469,Emma,4.67,5,24,7488.268782979581,Pestalozzi,489
470,Elena,2.79,4.75,24,7488.268782979581,Pestalozzi,458
471,Miriam,3.46,5,24,7488.268782979581,Pestalozzi,442
472,Matteo,4.66,5.25,24,7488.268782979581,Pestalozzi,493
473,Ömer,4.18,4.75,24,7488.268782979581,Pestalozzi,461
474,Hanna,4.79,5,24,7488.268782979581,Pestalozzi,550
475,Alea,4.68,5.5,24,7488.268782979581,Pestalozzi,578
476,Leopold,4.36,5,24,7488.268782979581,Pestalozzi,500
477,Louise,3.63,5,24,7488.268782979581,Pestalozzi,498
478,Efekan,4.68,5.25,24,7488.268782979581,Pestalozzi,496
479,Justus,4.67,5,24,7488.268782979581,Pestalozzi,475
480,Markus,3.69,5,24,7488.268782979581,Pestalozzi,480
481,Anna,4.8,5,25,8679.103865765492,Pestalozzi,440
482,Maria,3.98,5.25,25,8679.103865765492,Pestalozzi,464
483,Eleasar,5.68,5,25,8679.103865765492,Pestalozzi,513
484,Nikolas,4.5,5,25,8679.103865765492,Pestalozzi,464
485,Luana,5.36,4.75,25,8679.103865765492,Pestalozzi,468
486,Elisabeth,5.25,5,25,8679.103865765492,Pestalozzi,478
487,Luise,1.62,4.75,25,8679.103865765492,Pestalozzi,368
488,Mats,5.67,4.75,25,8679.103865765492,Pestalozzi,461
489,Kariem,4.73,4.75,25,8679.103865765492,Pestalozzi,497
490,Titus,3.88,5.5,25,8679.103865765492,Pestalozzi,564
491,Liisa,3.45,5.25,25,8679.103865765492,Pestalozzi,496
492,Jendrik,4.35,5,25,8679.103865765492,Pestalozzi,494
493,Jiyan,5.13,5.25,25,8679.103865765492,Pestalozzi,531
494,Melek,3.43,5.5,25,8679.103865765492,Pestalozzi,551
495,Josephine,2.63,4.5,25,8679.103865765492,Pestalozzi,343
496,Sohrab,4.13,5.25,25,8679.103865765492,Pestalozzi,509
497,Sophie,4.59,5,25,8679.103865765492,Pestalozzi,493
498,Erion,4.02,5.25,25,8679.103865765492,Pestalozzi,525
499,Linn,4.28,5.75,25,8679.103865765492,Pestalozzi,593
500,Alessio,2.73,5,25,8679.103865765492,Pestalozzi,385
501,Mehmet,3.42,5.75,26,8213.61063672825,Länggasse,564
502,Johannes,3.22,5.75,26,8213.61063672825,Länggasse,561
503,Josefine,2.08,5,26,8213.61063672825,Länggasse,480
504,Ozan-Fuat,3.07,4.5,26,8213.61063672825,Länggasse,374
505,Maximilian,3.13,4.5,26,8213.61063672825,Länggasse,358
506,Davide,4.01,5,26,8213.61063672825,Länggasse,516
507,Konstantin,3.17,5,26,8213.61063672825,Länggasse,434
508,Ida,3.53,5.5,26,8213.61063672825,Länggasse,563
509,Cem,4.01,5,26,8213.61063672825,Länggasse,462
510,Luca,2.1,5.25,26,8213.61063672825,Länggasse,474
511,Hedi,4.2,5.25,26,8213.61063672825,Länggasse,557
512,Charlotte,4.19,4.75,26,8213.61063672825,Länggasse,452
513,Marie,3.97,5.75,26,8213.61063672825,Länggasse,557
514,Amaya,2.36,5.25,26,8213.61063672825,Länggasse,423
515,Isabell,3.44,5,26,8213.61063672825,Länggasse,430
516,Jakob,3.24,4.5,26,8213.61063672825,Länggasse,367
517,Carlo,3.94,5,26,8213.61063672825,Länggasse,482
518,Asya,4.32,4.75,26,8213.61063672825,Länggasse,439
519,Felix,5.85,5.25,26,8213.61063672825,Länggasse,540
520,Samuel,5.35,5.5,26,8213.61063672825,Länggasse,537
521,Moritz,4.1,5.25,27,7642.937566112132,Länggasse,496
522,Karim,3.89,5,27,7642.937566112132,Länggasse,497
523,Liam,4.67,5.25,27,7642.937566112132,Länggasse,491
524,Arne,2.78,4.75,27,7642.937566112132,Länggasse,430
525,Lilly,2.83,5,27,7642.937566112132,Länggasse,446
526,Lukas,5.12,4.75,27,7642.937566112132,Länggasse,437
527,Maria,3.83,5.25,27,7642.937566112132,Länggasse,503
528,Felicitas,2.49,5,27,7642.937566112132,Länggasse,461
529,Wojciech,2.55,5,27,7642.937566112132,Länggasse,455
530,Muriel-Patrizia,4.56,4.5,27,7642.937566112132,Länggasse,408
531,Maryam,6.06,5.5,27,7642.937566112132,Länggasse,600
532,Alessia,3.02,4.75,27,7642.937566112132,Länggasse,410
533,Mara,4.9,5.5,27,7642.937566112132,Länggasse,561
534,Josef,2.15,5.25,27,7642.937566112132,Länggasse,439
535,Louis,2.54,4.5,27,7642.937566112132,Länggasse,339
536,Laila,5.41,5,27,7642.937566112132,Länggasse,502
537,Noah,5.72,5.75,27,7642.937566112132,Länggasse,632
538,David,3.26,5.75,27,7642.937566112132,Länggasse,589
539,Ella,1.99,4.75,27,7642.937566112132,Länggasse,430
540,Esma,3.76,5.25,27,7642.937566112132,Länggasse,490
541,Talisha,6.03,5.5,28,6907.529737253433,Länggasse,621
542,Luise,2.17,4.25,28,6907.529737253433,Länggasse,303
543,Inga,2.11,5.25,28,6907.529737253433,Länggasse,476
544,Tsvetelinova,4.32,5.25,28,6907.529737253433,Länggasse,513
545,Mert,5.54,5.5,28,6907.529737253433,Länggasse,559
546,Ella,2.41,4.75,28,6907.529737253433,Länggasse,408
547,Maria,3.25,4.5,28,6907.529737253433,Länggasse,398
548,Zeynep,3.49,5,28,6907.529737253433,Länggasse,465
549,Valentina,1.16,5,28,6907.529737253433,Länggasse,453
550,Julie,3.85,5.5,28,6907.529737253433,Länggasse,528
551,Florentin,1.62,4.75,28,6907.529737253433,Länggasse,410
552,David,3.81,5.25,28,6907.529737253433,Länggasse,487
553,Theo,2.22,5,28,6907.529737253433,Länggasse,421
554,Benno,4.19,5,28,6907.529737253433,Länggasse,496
555,Rojda,2.18,5.25,28,6907.529737253433,Länggasse,486
556,Leon,1.89,5.25,28,6907.529737253433,Länggasse,468
557,Alexander,5.77,5,28,6907.529737253433,Länggasse,555
558,Marie-Claire,2.61,5.25,28,6907.529737253433,Länggasse,504
559,Lisann,4.83,5.25,28,6907.529737253433,Länggasse,548
560,Matilda,3.35,5.25,28,6907.529737253433,Länggasse,477
561,Yassir,3.83,5,29,7760.642898950517,Länggasse,530
562,Max,3.75,5.25,29,7760.642898950517,Länggasse,540
563,Polina,4.43,4.75,29,7760.642898950517,Länggasse,440
564,Luka,4.07,5,29,7760.642898950517,Länggasse,498
565,Sophie,3.08,5,29,7760.642898950517,Länggasse,494
566,Luise,2.12,5,29,7760.642898950517,Länggasse,430
567,Nova,2.39,4.75,29,7760.642898950517,Länggasse,424
568,Aurela,4.8,5.5,29,7760.642898950517,Länggasse,598
569,Lina,3.29,5,29,7760.642898950517,Länggasse,437
570,Nils,3.53,4.75,29,7760.642898950517,Länggasse,464
571,Dezheng,3.04,5,29,7760.642898950517,Länggasse,457
572,Tabea,4.59,5.25,29,7760.642898950517,Länggasse,489
573,Charlotte,6.22,5.5,29,7760.642898950517,Länggasse,596
574,Lou,3.72,5,29,7760.642898950517,Länggasse,517
575,Marleen,4.81,5.5,29,7760.642898950517,Länggasse,535
576,Sergeevna,4.68,5.25,29,7760.642898950517,Länggasse,520
577,Idaye,5,5,29,7760.642898950517,Länggasse,483
578,Paula,3.62,4.75,29,7760.642898950517,Länggasse,400
579,Henry,3,5,29,7760.642898950517,Länggasse,449
580,Gitano,2.85,5,29,7760.642898950517,Länggasse,450
581,Pierre,2.93,5,30,7003.253301570967,Länggasse,404
582,Maja,2.99,5,30,7003.253301570967,Länggasse,441
583,Sophie,3.11,4.75,30,7003.253301570967,Länggasse,384
584,Luise,2.06,5.25,30,7003.253301570967,Länggasse,440
585,Malicia,3.87,4.75,30,7003.253301570967,Länggasse,421
586,Abid,4.07,5,30,7003.253301570967,Länggasse,435
587,Lea,3.11,5.25,30,7003.253301570967,Länggasse,458
588,Julian,5.08,5,30,7003.253301570967,Länggasse,527
589,Devran,4.35,5,30,7003.253301570967,Länggasse,483
590,Linh,3.74,5.5,30,7003.253301570967,Länggasse,522
591,Elif,2.59,4.75,30,7003.253301570967,Länggasse,405
592,Jamie,2.93,5.25,30,7003.253301570967,Länggasse,499
593,Anna,5.19,5.5,30,7003.253301570967,Länggasse,561
594,Selim,2.91,5.25,30,7003.253301570967,Länggasse,481
595,Valentina,0.72,4.5,30,7003.253301570967,Länggasse,357
596,Maurice,5.57,5.25,30,7003.253301570967,Länggasse,521
597,Alper,2.7,5,30,7003.253301570967,Länggasse,438
598,Nicklas,3.89,5.25,30,7003.253301570967,Länggasse,472
599,Marlene,0.76,4.5,30,7003.253301570967,Länggasse,300
600,Lara,3.96,4.75,30,7003.253301570967,Länggasse,414
601,Isabella,2.76,4.5,31,5127.493488723425,Hochfeld 1,388
602,Alexander,4.91,5,31,5127.493488723425,Hochfeld 1,513
603,Ceyda,4.25,5.25,31,5127.493488723425,Hochfeld 1,435
604,Sinem,5.14,6,31,5127.493488723425,Hochfeld 1,639
605,Lemia,2.98,4.75,31,5127.493488723425,Hochfeld 1,442
606,Paul,2.96,4.25,31,5127.493488723425,Hochfeld 1,335
607,Neo,3.95,5,31,5127.493488723425,Hochfeld 1,491
608,Wim,5.54,5,31,5127.493488723425,Hochfeld 1,511
609,Shindara,5.35,5.75,31,5127.493488723425,Hochfeld 1,593
610,Mirso,3.4,5.5,31,5127.493488723425,Hochfeld 1,516
611,Michel,2.29,5.25,31,5127.493488723425,Hochfeld 1,466
612,Kendra,2.76,5.5,31,5127.493488723425,Hochfeld 1,494
613,Jonas,3.82,5.5,31,5127.493488723425,Hochfeld 1,518
614,Luis,3.18,4.75,31,5127.493488723425,Hochfeld 1,428
615,Maria,3.24,4.75,31,5127.493488723425,Hochfeld 1,439
616,Mohamed,3.96,5,31,5127.493488723425,Hochfeld 1,433
617,Niko,2.66,5,31,5127.493488723425,Hochfeld 1,435
618,Kate,2.79,5,31,5127.493488723425,Hochfeld 1,447
619,Lukani,2.81,4.75,31,5127.493488723425,Hochfeld 1,411
620,Till,4.86,5.25,31,5127.493488723425,Hochfeld 1,539
621,Baptist,4.78,5,32,7043.6883065685715,Hochfeld 1,511
622,Leonie,2.14,4.5,32,7043.6883065685715,Hochfeld 1,387
623,Friedrich,2.6,4.5,32,7043.6883065685715,Hochfeld 1,388
624,Ida,4.5,5.5,32,7043.6883065685715,Hochfeld 1,550
625,Nisanur,3.86,5,32,7043.6883065685715,Hochfeld 1,465
626,Antonia,3.23,4.75,32,7043.6883065685715,Hochfeld 1,430
627,Luca,4.8,5.5,32,7043.6883065685715,Hochfeld 1,586
628,Anton,4.66,5.25,32,7043.6883065685715,Hochfeld 1,500
629,Joline,4.37,5,32,7043.6883065685715,Hochfeld 1,510
630,Ludwig,3.02,5,32,7043.6883065685715,Hochfeld 1,481
631,Samuel,3.81,5,32,7043.6883065685715,Hochfeld 1,472
632,Mariam,4.91,5,32,7043.6883065685715,Hochfeld 1,444
633,Eldin,3.64,5.25,32,7043.6883065685715,Hochfeld 1,538
634,Nathanael,1.8,4.75,32,7043.6883065685715,Hochfeld 1,361
635,Simon,4.73,5.25,32,7043.6883065685715,Hochfeld 1,545
636,Carl,4.29,5,32,7043.6883065685715,Hochfeld 1,475
637,Willem,2.25,5,32,7043.6883065685715,Hochfeld 1,448
638,Lotta,4.95,5.25,32,7043.6883065685715,Hochfeld 1,541
639,Sigrid,1.81,5,32,7043.6883065685715,Hochfeld 1,425
640,Jule,2.94,4.5,32,7043.6883065685715,Hochfeld 1,353
641,Bei-Chen,5.47,5,33,7727.299870302344,Hochfeld 1,530
642,Nele,5.71,5.75,33,7727.299870302344,Hochfeld 1,610
643,Elmalek,2.86,5,33,7727.299870302344,Hochfeld 1,423
644,Jan-Christian,4.34,5,33,7727.299870302344,Hochfeld 1,469
645,Francesca,2.37,5.25,33,7727.299870302344,Hochfeld 1,492
646,Mia,3.48,5.25,33,7727.299870302344,Hochfeld 1,537
647,Isabella,4.73,5,33,7727.299870302344,Hochfeld 1,496
648,Zoe,3.46,5,33,7727.299870302344,Hochfeld 1,486
649,Tilda,3.66,5,33,7727.299870302344,Hochfeld 1,445
650,Singh,4.18,5,33,7727.299870302344,Hochfeld 1,462
651,Joel,2.56,5.25,33,7727.299870302344,Hochfeld 1,514
652,Emma,1.81,4.75,33,7727.299870302344,Hochfeld 1,440
653,Florian,4.35,4.75,33,7727.299870302344,Hochfeld 1,433
654,Ryan,4.45,5.5,33,7727.299870302344,Hochfeld 1,555
655,Pippa,3.43,5,33,7727.299870302344,Hochfeld 1,443
656,Ashley,3.78,5.25,33,7727.299870302344,Hochfeld 1,496
657,Max,4.27,5.25,33,7727.299870302344,Hochfeld 1,491
658,Christina,3.46,5.5,33,7727.299870302344,Hochfeld 1,589
659,Lotte,2.66,5,33,7727.299870302344,Hochfeld 1,479
660,Sergiu,4.43,5.5,33,7727.299870302344,Hochfeld 1,547
661,Marie,4.14,4.75,34,10875.53539092731,Hochfeld 1,478
662,Benjamin,1.85,4,34,10875.53539092731,Hochfeld 1,307
663,Louisa,5.07,5.25,34,10875.53539092731,Hochfeld 1,570
664,Ikra,3.5,4.75,34,10875.53539092731,Hochfeld 1,483
665,Hanna,3.28,4.5,34,10875.53539092731,Hochfeld 1,491
666,Nefes,4.7,5,34,10875.53539092731,Hochfeld 1,547
667,Finja,3.78,5,34,10875.53539092731,Hochfeld 1,531
668,Million,3.99,5,34,10875.53539092731,Hochfeld 1,506
669,Avedis,4.78,5.25,34,10875.53539092731,Hochfeld 1,583
670,Patrick,6.56,5,34,10875.53539092731,Hochfeld 1,554
671,Can,4.68,5.25,34,10875.53539092731,Hochfeld 1,573
672,Mika,3.52,5,34,10875.53539092731,Hochfeld 1,491
673,Lilja,3.27,4.75,34,10875.53539092731,Hochfeld 1,443
674,Felice,4.37,5.5,34,10875.53539092731,Hochfeld 1,583
675,Juni,4.58,5,34,10875.53539092731,Hochfeld 1,508
676,Hamza,5.93,5.25,34,10875.53539092731,Hochfeld 1,573
677,August,5.16,5.75,34,10875.53539092731,Hochfeld 1,632
678,Neşe,4.14,5.25,34,10875.53539092731,Hochfeld 1,554
679,Erik,4,5,34,10875.53539092731,Hochfeld 1,471
680,Paul,4.2,5.25,34,10875.53539092731,Hochfeld 1,512
681,Samy,4.49,5.5,35,8898.5101153104,Hochfeld 1,540
682,Paul,4.13,5.5,35,8898.5101153104,Hochfeld 1,581
683,Johann,4.85,5,35,8898.5101153104,Hochfeld 1,521
684,Rafael,4.15,5,35,8898.5101153104,Hochfeld 1,518
685,Clara,3.64,5,35,8898.5101153104,Hochfeld 1,536
686,Sude,2.78,5.25,35,8898.5101153104,Hochfeld 1,502
687,Matteo,4.13,5,35,8898.5101153104,Hochfeld 1,477
688,Ranxin,1.99,4.5,35,8898.5101153104,Hochfeld 1,396
689,Jan,3.98,5.25,35,8898.5101153104,Hochfeld 1,566
690,Nilay,2.97,5,35,8898.5101153104,Hochfeld 1,458
691,Lou,3.86,4.75,35,8898.5101153104,Hochfeld 1,432
692,Henry,5.1,5,35,8898.5101153104,Hochfeld 1,493
693,Levi,6.64,5.5,35,8898.5101153104,Hochfeld 1,599
694,Davide,2.68,5,35,8898.5101153104,Hochfeld 1,451
695,Luise,4.86,4.75,35,8898.5101153104,Hochfeld 1,466
696,Charlotte,4.58,4.75,35,8898.5101153104,Hochfeld 1,431
697,Alva,5.74,5.75,35,8898.5101153104,Hochfeld 1,643
698,Liam,5.35,5.25,35,8898.5101153104,Hochfeld 1,507
699,Cheyenne,3.93,5,35,8898.5101153104,Hochfeld 1,485
700,Ethem,4.5,5,35,8898.5101153104,Hochfeld 1,501
701,Aras,2.91,5,36,8728.669044991228,Hochfeld 2,448
702,Bennet,3.11,5,36,8728.669044991228,Hochfeld 2,454
703,Nicklas,1.66,4.75,36,8728.669044991228,Hochfeld 2,364
704,Adriano,3.55,5.25,36,8728.669044991228,Hochfeld 2,495
705,Sesili,3.99,5,36,8728.669044991228,Hochfeld 2,439
706,David,3.83,5.5,36,8728.669044991228,Hochfeld 2,550
707,Ikrapreet,1.89,4.5,36,8728.669044991228,Hochfeld 2,324
708,Happy,3.37,5.5,36,8728.669044991228,Hochfeld 2,529
709,Kiana,2.44,4.75,36,8728.669044991228,Hochfeld 2,394
710,Mikail,2.52,5.25,36,8728.669044991228,Hochfeld 2,451
711,Fabienne,3.68,4.75,36,8728.669044991228,Hochfeld 2,444
712,Mohammed,5.06,5,36,8728.669044991228,Hochfeld 2,439
713,Alexander,2.67,5.25,36,8728.669044991228,Hochfeld 2,454
714,Franziska,2.49,5.5,36,8728.669044991228,Hochfeld 2,515
715,Amy,3.6,5.25,36,8728.669044991228,Hochfeld 2,488
716,Theo,3.95,5,36,8728.669044991228,Hochfeld 2,472
717,Alina,4.13,5,36,8728.669044991228,Hochfeld 2,505
718,Josephine,3.09,5.25,36,8728.669044991228,Hochfeld 2,492
719,Rani,3.7,4.75,36,8728.669044991228,Hochfeld 2,407
720,Tayyip,6.53,5.75,36,8728.669044991228,Hochfeld 2,572
721,Matilda,4.36,5.25,37,8637.4002959682,Hochfeld 2,593
722,Frederick,4.81,5,37,8637.4002959682,Hochfeld 2,502
723,Taiem,4.03,5.25,37,8637.4002959682,Hochfeld 2,525
724,Berke,4.04,5.25,37,8637.4002959682,Hochfeld 2,536
725,Carolina,5.52,5.5,37,8637.4002959682,Hochfeld 2,626
726,Karl,4.85,5.25,37,8637.4002959682,Hochfeld 2,590
727,Mads,4.95,5.5,37,8637.4002959682,Hochfeld 2,583
728,Katharina,5.84,5.5,37,8637.4002959682,Hochfeld 2,603
729,Phil,5.61,5.75,37,8637.4002959682,Hochfeld 2,603
730,Klara,4.55,5.25,37,8637.4002959682,Hochfeld 2,554
731,Karolina,2.71,5.5,37,8637.4002959682,Hochfeld 2,546
732,Lara,4.32,5,37,8637.4002959682,Hochfeld 2,537
733,Elisabeth,4.45,5.25,37,8637.4002959682,Hochfeld 2,522
734,Luna,4.14,4.75,37,8637.4002959682,Hochfeld 2,500
735,Mina,4.92,5,37,8637.4002959682,Hochfeld 2,491
736,Victoria,2.69,5,37,8637.4002959682,Hochfeld 2,440
737,Luis,5.73,5.5,37,8637.4002959682,Hochfeld 2,625
738,Noah,1.67,5,37,8637.4002959682,Hochfeld 2,459
739,Tai,4.88,5,37,8637.4002959682,Hochfeld 2,527
740,Abdullah,6.05,5.25,37,8637.4002959682,Hochfeld 2,552
741,Kayra,4.02,5.5,38,8118.437509482785,Hochfeld 2,554
742,Slawjana,2.94,4.75,38,8118.437509482785,Hochfeld 2,380
743,Daniel,4.19,5.25,38,8118.437509482785,Hochfeld 2,515
744,John-Luca,3.02,4.75,38,8118.437509482785,Hochfeld 2,429
745,Alyssa,2.06,4.75,38,8118.437509482785,Hochfeld 2,393
746,Ava,3.29,5,38,8118.437509482785,Hochfeld 2,428
747,Ayhan,5.07,5,38,8118.437509482785,Hochfeld 2,504
748,Amelie,2.84,5,38,8118.437509482785,Hochfeld 2,421
749,Albert,3.01,5,38,8118.437509482785,Hochfeld 2,479
750,Theodor,3.75,5.25,38,8118.437509482785,Hochfeld 2,461
751,Riza,2.31,5.5,38,8118.437509482785,Hochfeld 2,505
752,Julian,1.89,4.75,38,8118.437509482785,Hochfeld 2,409
753,Maurice,4.28,5.25,38,8118.437509482785,Hochfeld 2,531
754,Aischa,2.6,4.75,38,8118.437509482785,Hochfeld 2,376
755,Benjamin,3.97,5.25,38,8118.437509482785,Hochfeld 2,522
756,Josefine,3.99,5.25,38,8118.437509482785,Hochfeld 2,445
757,Leonard,2.9,4.75,38,8118.437509482785,Hochfeld 2,444
758,Flora,4.43,5,38,8118.437509482785,Hochfeld 2,443
759,Boris,4.49,5.25,38,8118.437509482785,Hochfeld 2,493
760,Gloria,1.78,5,38,8118.437509482785,Hochfeld 2,417
761,Ben,4.81,5,39,6943.91674765761,Hochfeld 2,454
762,Lale,5.02,5,39,6943.91674765761,Hochfeld 2,481
763,Felicia,3.64,5.5,39,6943.91674765761,Hochfeld 2,592
764,Carl,3.87,5.25,39,6943.91674765761,Hochfeld 2,497
765,Ava,3.87,5.25,39,6943.91674765761,Hochfeld 2,550
766,Diana,5.08,5.25,39,6943.91674765761,Hochfeld 2,522
767,Sara,5.56,5.5,39,6943.91674765761,Hochfeld 2,605
768,Pia,2.56,4.75,39,6943.91674765761,Hochfeld 2,415
769,Kulatay,3.75,5,39,6943.91674765761,Hochfeld 2,470
770,Conchita,5.21,5.25,39,6943.91674765761,Hochfeld 2,598
771,Sebastian,1.74,5,39,6943.91674765761,Hochfeld 2,427
772,Charalampos,6.02,5.5,39,6943.91674765761,Hochfeld 2,583
773,Malea,2.91,5,39,6943.91674765761,Hochfeld 2,434
774,Louisa,3.54,5.25,39,6943.91674765761,Hochfeld 2,476
775,Nikolas,4.64,5.75,39,6943.91674765761,Hochfeld 2,553
776,Paula,3.44,5,39,6943.91674765761,Hochfeld 2,478
777,Hamza,2.98,4.75,39,6943.91674765761,Hochfeld 2,444
778,Benjamin,4.01,4.75,39,6943.91674765761,Hochfeld 2,429
779,Franz,0.98,4.5,39,6943.91674765761,Hochfeld 2,344
780,Emil,4.65,5.25,39,6943.91674765761,Hochfeld 2,504
781,Noel,3.4,4.75,40,4500,Hochfeld 2,428
782,Lee,2.93,5.25,40,4500,Hochfeld 2,484
783,Clara,5.45,5.5,40,4500,Hochfeld 2,550
784,Taha,3.78,5.25,40,4500,Hochfeld 2,469
785,Sebastian,3.99,5.25,40,4500,Hochfeld 2,467
786,Yisehak,4.6,5,40,4500,Hochfeld 2,407
787,Stephan,3.14,5.25,40,4500,Hochfeld 2,447
788,Simon,3.22,4.75,40,4500,Hochfeld 2,404
789,Sandro,6.49,5.5,40,4500,Hochfeld 2,606
790,Marie,3.14,5.25,40,4500,Hochfeld 2,502
791,Charlotte,2.9,5.25,40,4500,Hochfeld 2,488
792,Nele,6.43,5.5,40,4500,Hochfeld 2,559
793,Alexander,4.31,4.75,40,4500,Hochfeld 2,384
794,Agrippina,2.25,4.75,40,4500,Hochfeld 2,389
795,Luis,2.25,4.75,40,4500,Hochfeld 2,408
796,Luisa,4.31,5.75,40,4500,Hochfeld 2,589
797,Jolina,3.61,4.75,40,4500,Hochfeld 2,403
798,Leonardo,1.89,4.75,40,4500,Hochfeld 2,435
799,Vincent,3.48,5,40,4500,Hochfeld 2,483
800,Ronja,3.7,5,40,4500,Hochfeld 2,476
801,Konstantin,2.97,5.25,41,5822.668373133414,Schwabgut,536
802,Maya,4.21,5.25,41,5822.668373133414,Schwabgut,552
803,Manuel,2.69,5.25,41,5822.668373133414,Schwabgut,490
804,Sophie,4.01,4.5,41,5822.668373133414,Schwabgut,425
805,Julian,2.39,4.5,41,5822.668373133414,Schwabgut,385
806,Gennaro,3.47,5,41,5822.668373133414,Schwabgut,479
807,Elias,2.84,5.25,41,5822.668373133414,Schwabgut,529
808,Aurora,4.06,5.5,41,5822.668373133414,Schwabgut,549
809,Anna,2.87,4.75,41,5822.668373133414,Schwabgut,470
810,Moritz,4.58,4.75,41,5822.668373133414,Schwabgut,422
811,Leandra,2.65,4.75,41,5822.668373133414,Schwabgut,423
812,Luis,4.03,5,41,5822.668373133414,Schwabgut,461
813,Tuana-Şebnem,4.57,5,41,5822.668373133414,Schwabgut,488
814,Ertugrul,3.53,5.25,41,5822.668373133414,Schwabgut,564
815,Naz,4.37,5,41,5822.668373133414,Schwabgut,471
816,Maja,4.03,5.25,41,5822.668373133414,Schwabgut,531
817,Ferdinand,4.9,5.75,41,5822.668373133414,Schwabgut,565
818,Robert,4.25,5.25,41,5822.668373133414,Schwabgut,507
819,Louis,3.14,5,41,5822.668373133414,Schwabgut,466
820,Katharina,4.23,5.25,41,5822.668373133414,Schwabgut,501
821,Till,5.35,5.25,42,8817.676831493958,Schwabgut,531
822,Charlotte,3.39,5.25,42,8817.676831493958,Schwabgut,553
823,Alexa,3.98,5,42,8817.676831493958,Schwabgut,486
824,Emir,4.77,5,42,8817.676831493958,Schwabgut,499
825,Greta,2.87,5.5,42,8817.676831493958,Schwabgut,514
826,Henry,1.95,4.75,42,8817.676831493958,Schwabgut,441
827,Mia,3.93,5,42,8817.676831493958,Schwabgut,479
828,Marcel,6.35,5.75,42,8817.676831493958,Schwabgut,594
829,Katalin,5.89,5,42,8817.676831493958,Schwabgut,521
830,Jason,2.6,5.25,42,8817.676831493958,Schwabgut,443
831,Louisa,4.74,5.25,42,8817.676831493958,Schwabgut,500
832,Cumayi,3.56,4.75,42,8817.676831493958,Schwabgut,448
833,Paul,1.88,5,42,8817.676831493958,Schwabgut,394
834,Haktan,3.62,5.5,42,8817.676831493958,Schwabgut,596
835,Valentino,4.27,5,42,8817.676831493958,Schwabgut,482
836,Josefine,4.77,4.5,42,8817.676831493958,Schwabgut,404
837,Maximilian,4.45,5,42,8817.676831493958,Schwabgut,507
838,Henri,3.01,4.75,42,8817.676831493958,Schwabgut,434
839,Yusuf,5.17,5.5,42,8817.676831493958,Schwabgut,595
840,Tim,3.74,5.5,42,8817.676831493958,Schwabgut,555
841,Johanna,4.74,5.75,43,7435.588540585201,Schwabgut,601
842,Güneş,3.74,5,43,7435.588540585201,Schwabgut,500
843,Leandro,5.14,5,43,7435.588540585201,Schwabgut,507
844,Uğur,2.99,4.75,43,7435.588540585201,Schwabgut,397
845,Marco,5.45,5.25,43,7435.588540585201,Schwabgut,567
846,Carla,5.4,5.25,43,7435.588540585201,Schwabgut,542
847,Luca,3.55,4.75,43,7435.588540585201,Schwabgut,407
848,Aldin,2.48,5,43,7435.588540585201,Schwabgut,463
849,Elias,3.48,5.25,43,7435.588540585201,Schwabgut,506
850,Aaron,4.73,5,43,7435.588540585201,Schwabgut,495
851,Kaan,5.18,5.25,43,7435.588540585201,Schwabgut,538
852,Lea-Sophie,3.45,5,43,7435.588540585201,Schwabgut,492
853,Johannes,6.21,5.25,43,7435.588540585201,Schwabgut,529
854,Luis,3.22,4.75,43,7435.588540585201,Schwabgut,423
855,Osahenrhumwen,3.22,5.25,43,7435.588540585201,Schwabgut,509
856,Toni,5.99,5.5,43,7435.588540585201,Schwabgut,616
857,Minou,3.02,5,43,7435.588540585201,Schwabgut,446
858,Ahmed,4.95,5.25,43,7435.588540585201,Schwabgut,570
859,Romy,2.67,5,43,7435.588540585201,Schwabgut,487
860,Syntia,4.36,5.25,43,7435.588540585201,Schwabgut,501
861,Azra,2.66,5.25,44,7933.055147293939,Schwabgut,463
862,Maliah,3.69,4.75,44,7933.055147293939,Schwabgut,383
863,Ardit,4.32,5,44,7933.055147293939,Schwabgut,470
864,Gabriel,3.01,4.25,44,7933.055147293939,Schwabgut,306
865,Elmedina,3.54,5.5,44,7933.055147293939,Schwabgut,501
866,Tyron,2.34,5.25,44,7933.055147293939,Schwabgut,469
867,Anush,3.28,5,44,7933.055147293939,Schwabgut,459
868,Nwakego,3.75,5,44,7933.055147293939,Schwabgut,454
869,Maximilian,3.53,5,44,7933.055147293939,Schwabgut,452
870,Rosa,2.25,5.5,44,7933.055147293939,Schwabgut,510
871,Tyler,3.44,5.5,44,7933.055147293939,Schwabgut,487
872,Oluwanifemi,3.05,5,44,7933.055147293939,Schwabgut,450
873,Fynn,4.6,5,44,7933.055147293939,Schwabgut,488
874,Henry,2.29,5,44,7933.055147293939,Schwabgut,418
875,Maximilian,2.94,5.25,44,7933.055147293939,Schwabgut,474
876,Phil,3.95,4.75,44,7933.055147293939,Schwabgut,368
877,Viola,3.02,5,44,7933.055147293939,Schwabgut,432
878,Emilia,3.45,5.5,44,7933.055147293939,Schwabgut,546
879,Emma,0,4.5,44,7933.055147293939,Schwabgut,339
880,Friedrich,3.76,5.25,44,7933.055147293939,Schwabgut,472
881,Exiane,3.25,5,45,7673.697305640574,Schwabgut,433
882,Malak,1.89,4.75,45,7673.697305640574,Schwabgut,346
883,Eli,3.61,5,45,7673.697305640574,Schwabgut,461
884,Benedikt,4.02,5.25,45,7673.697305640574,Schwabgut,470
885,Sophie,2.89,4.75,45,7673.697305640574,Schwabgut,395
886,Melissa,3.4,5,45,7673.697305640574,Schwabgut,435
887,Leonard,3.51,5.5,45,7673.697305640574,Schwabgut,512
888,Tabea,3.76,5,45,7673.697305640574,Schwabgut,464
889,Marcel,3.88,5,45,7673.697305640574,Schwabgut,439
890,Lena,1.28,4.75,45,7673.697305640574,Schwabgut,384
891,Marie,3.99,5.25,45,7673.697305640574,Schwabgut,494
892,Gengomoi,2.17,5.25,45,7673.697305640574,Schwabgut,442
893,Aras,2.58,4.5,45,7673.697305640574,Schwabgut,383
894,Joyce,2.68,5.25,45,7673.697305640574,Schwabgut,471
895,Shivan,2.88,4.5,45,7673.697305640574,Schwabgut,342
896,Jessy,3.71,5,45,7673.697305640574,Schwabgut,474
897,Malte,3.33,5.25,45,7673.697305640574,Schwabgut,486
898,Amil,3.88,5.5,45,7673.697305640574,Schwabgut,529
899,Hamza,3.39,5,45,7673.697305640574,Schwabgut,414
900,Anina,3.9,5.25,45,7673.697305640574,Schwabgut,481
901,Malin,2.55,5.5,46,7932.393722855208,Tscharnergut,535
902,Malik,4.1,5.5,46,7932.393722855208,Tscharnergut,590
903,Hilal,6.58,5.5,46,7932.393722855208,Tscharnergut,645
904,Tanem,2.75,5.25,46,7932.393722855208,Tscharnergut,516
905,Ladyjan,2.8,4.75,46,7932.393722855208,Tscharnergut,411
906,Aloys,3.01,5,46,7932.393722855208,Tscharnergut,483
907,Elinor,3.66,5.5,46,7932.393722855208,Tscharnergut,585
908,Erina,4.58,5,46,7932.393722855208,Tscharnergut,521
909,Emina,5.35,4.75,46,7932.393722855208,Tscharnergut,465
910,Emilia,4.6,5.25,46,7932.393722855208,Tscharnergut,525
911,Nime,4.01,5,46,7932.393722855208,Tscharnergut,497
912,Luisa,2.58,5,46,7932.393722855208,Tscharnergut,463
913,Eslem,3.72,5.25,46,7932.393722855208,Tscharnergut,547
914,Maria,5.03,5.25,46,7932.393722855208,Tscharnergut,580
915,Hozan,3.49,4.5,46,7932.393722855208,Tscharnergut,417
916,Anton,4.13,4.75,46,7932.393722855208,Tscharnergut,467
917,Jolina,3.27,5,46,7932.393722855208,Tscharnergut,506
918,Mika,6.55,5.5,46,7932.393722855208,Tscharnergut,597
919,Maximilian,4.63,5.25,46,7932.393722855208,Tscharnergut,553
920,Emil,3.6,5.25,46,7932.393722855208,Tscharnergut,520
921,Sara,4.74,5.25,47,8485.53560725203,Tscharnergut,611
922,Jean,5.32,5.75,47,8485.53560725203,Tscharnergut,596
923,Nick,3.88,5.25,47,8485.53560725203,Tscharnergut,570
924,Titus,5.13,4.75,47,8485.53560725203,Tscharnergut,518
925,Iljes,5.01,4.75,47,8485.53560725203,Tscharnergut,493
926,Therese,3.54,4.5,47,8485.53560725203,Tscharnergut,428
927,Sara,6.82,5.75,47,8485.53560725203,Tscharnergut,700
928,Mert,6.11,5.5,47,8485.53560725203,Tscharnergut,690
929,Arion,4.3,5.5,47,8485.53560725203,Tscharnergut,605
930,Toni,6.15,5.25,47,8485.53560725203,Tscharnergut,618
931,Emin,6.91,5.75,47,8485.53560725203,Tscharnergut,629
932,Lea,5.22,5.75,47,8485.53560725203,Tscharnergut,680
933,Yan,4.59,5.25,47,8485.53560725203,Tscharnergut,556
934,Carlos,3.4,5.25,47,8485.53560725203,Tscharnergut,541
935,Mats,5.24,4.75,47,8485.53560725203,Tscharnergut,516
936,Tim,4.14,5,47,8485.53560725203,Tscharnergut,490
937,Lena,4.48,5.5,47,8485.53560725203,Tscharnergut,603
938,Sophie,3.84,5.5,47,8485.53560725203,Tscharnergut,618
939,Wilhelm,3.17,5,47,8485.53560725203,Tscharnergut,461
940,Silvian,5.7,5.25,47,8485.53560725203,Tscharnergut,609
941,Elisabeth,3.45,5.25,48,7730.711517181888,Tscharnergut,483
942,Romy,2.83,4.75,48,7730.711517181888,Tscharnergut,462
943,Polly,2.83,5,48,7730.711517181888,Tscharnergut,485
944,Tjerk,3.6,5.25,48,7730.711517181888,Tscharnergut,517
945,Enbiya,3.25,5,48,7730.711517181888,Tscharnergut,473
946,Janna,5.17,5.25,48,7730.711517181888,Tscharnergut,514
947,Jasper,3.86,5.25,48,7730.711517181888,Tscharnergut,515
948,Hanna,3.26,5,48,7730.711517181888,Tscharnergut,509
949,Johannes,4.82,5.25,48,7730.711517181888,Tscharnergut,479
950,Elif,3.94,5.5,48,7730.711517181888,Tscharnergut,546
951,Lisa,3.9,4.75,48,7730.711517181888,Tscharnergut,425
952,Lena,3.47,4.75,48,7730.711517181888,Tscharnergut,378
953,Mathilda,4.31,4.5,48,7730.711517181888,Tscharnergut,417
954,Tim,4.02,5.5,48,7730.711517181888,Tscharnergut,517
955,Sophie,3.4,4.75,48,7730.711517181888,Tscharnergut,386
956,Deana,3.53,5,48,7730.711517181888,Tscharnergut,429
957,Elissavet,4.41,4.75,48,7730.711517181888,Tscharnergut,467
958,Jana,4.44,5.25,48,7730.711517181888,Tscharnergut,541
959,Maya,2.46,4.75,48,7730.711517181888,Tscharnergut,406
960,Johannes,3.25,5.25,48,7730.711517181888,Tscharnergut,513
961,Kerim,3.3,4.75,49,8653.283760683918,Tscharnergut,432
962,Henri,3.27,5.25,49,8653.283760683918,Tscharnergut,498
963,Olatunde,3.23,5.25,49,8653.283760683918,Tscharnergut,493
964,Zoe,5.09,5.75,49,8653.283760683918,Tscharnergut,625
965,Enikő,3.43,5,49,8653.283760683918,Tscharnergut,498
966,Linh,4.23,5.25,49,8653.283760683918,Tscharnergut,516
967,Jamal,4.28,5.75,49,8653.283760683918,Tscharnergut,609
968,Frieda,4.3,4.5,49,8653.283760683918,Tscharnergut,462
969,Henry,3.96,5.5,49,8653.283760683918,Tscharnergut,563
970,Letitia,2.91,5,49,8653.283760683918,Tscharnergut,473
971,Melany,3.82,5.25,49,8653.283760683918,Tscharnergut,511
972,Andreas,2.41,4.5,49,8653.283760683918,Tscharnergut,343
973,Aaron,5.17,4.75,49,8653.283760683918,Tscharnergut,460
974,Ray,3.9,5.25,49,8653.283760683918,Tscharnergut,529
975,Mina,3.5,5.75,49,8653.283760683918,Tscharnergut,593
976,Anni,3.39,4.75,49,8653.283760683918,Tscharnergut,434
977,Marie,4.06,5,49,8653.283760683918,Tscharnergut,504
978,Liah,4.52,4.75,49,8653.283760683918,Tscharnergut,501
979,Emilia,3.72,5,49,8653.283760683918,Tscharnergut,526
980,Denis,3.75,5.25,49,8653.283760683918,Tscharnergut,481
981,Luisa,3.32,4.75,50,11000,Tscharnergut,461
982,Liliana,3.31,5.25,50,11000,Tscharnergut,501
983,Ami,6.08,5.25,50,11000,Tscharnergut,586
984,Mikko,4.54,5,50,11000,Tscharnergut,479
985,Noah,5.46,5,50,11000,Tscharnergut,554
986,Annemarie,4.03,5.25,50,11000,Tscharnergut,518
987,Viola,3.86,5,50,11000,Tscharnergut,529
988,Christa,2.63,5.5,50,11000,Tscharnergut,497
989,Paulus,4.26,4.75,50,11000,Tscharnergut,439
990,Grezia,1.98,5.25,50,11000,Tscharnergut,505
991,Gabrielowitsch,4.3,5.25,50,11000,Tscharnergut,535
992,Christian,3.84,5,50,11000,Tscharnergut,492
993,Imran,3.38,5,50,11000,Tscharnergut,479
994,Shayen,3.98,4.5,50,11000,Tscharnergut,395
995,Tom,4.32,4.5,50,11000,Tscharnergut,451
996,Janusz,4.58,5,50,11000,Tscharnergut,506
997,Sophie,3.48,4.5,50,11000,Tscharnergut,400
998,Anne,4.44,5,50,11000,Tscharnergut,509
999,Bela,4.29,5.25,50,11000,Tscharnergut,536
1000,Malik,2.68,5.25,50,11000,Tscharnergut,492
